Host Name,Orbital Period (days),Planet Mass [Earth mass],Planet Radius [Earth radii],Planet Density (g/cm**3),Planet Equilibrium Temperature [K],Insolation Flux [Earth flux],Optical Magnitude [mag],Effective Temperature [K],Stellar Mass [Solar mass],Stellar Radius [Solar radii],Stellar Age [Gyr],Earth Similarity Index (ESI)
HAT-P-9,3.92281072,238.05467000000002,15.614,0.342,1540.0,931.0,12.297,6350.0,1.28,1.34,1.6,
HAT-P-25,3.65281514,180.84527,12.722000000000001,0.483,1182.0,325.0,13.19,5519.0,1.01,0.92,3.2,
HAT-P-29,5.72319,279.6904,13.115,0.79,1271.0,433.0,11.9,6087.0,1.45,1.3,2.2,
HAT-P-32,2.1500082,216.1244,22.194000000000003,0.108,1836.0,1841.0,11.289000000000001,6001.0,1.13,1.37,2.7,
Kepler-117,18.7959228,29.875,8.059,0.3,984.0,157.541,14.247,6150.0,1.13,1.61,5.3,
Kepler-117,50.790391,584.78,12.341,1.74,704.0,41.863,14.247,6150.0,1.13,1.61,5.3,
Kepler-120,6.312501,8.5,2.15,4.7,576.0,42.692,14.719000000000001,4096.0,0.72,0.53,3.63,
Kepler-120,12.794585,2.96,1.53,4.54,455.0,16.625,14.719000000000001,4096.0,0.72,0.53,3.63,
Kepler-125,4.164389,6.21,2.37,2.56,594.0,33.184,14.767999999999999,3810.0,0.53,0.51,3.8,
Kepler-186,3.8867907,1.24,1.07,5.56,579.0,37.372,14.599,3755.0,0.54,0.52,4.0,
Kepler-186,7.267302,2.1,1.25,5.91,470.0,13.98,14.599,3755.0,0.54,0.52,4.0,
Kepler-186,13.342996,2.54,1.4,5.09,384.0,7.204,14.599,3755.0,0.54,0.52,4.0,
Kepler-205,2.75564,2.89,1.51,4.61,672.0,102.562,13.495,4321.0,0.6,0.55,3.16,
Kepler-205,20.306546,3.33,1.64,4.15,345.0,7.14,13.495,4321.0,0.6,0.55,3.16,
Kepler-210,2.453234,8.96,2.94,1.94,734.0,122.139,13.804,4559.0,0.77,0.65,1.78,
Kepler-210,7.972513,12.8,3.62,1.48,495.0,25.44,13.804,4559.0,0.77,0.65,1.78,
Kepler-128,15.09,0.77,1.43,1.46,970.0,227.398,11.289000000000001,6136.0,1.09,1.61,4.07,
Kepler-128,22.804,0.9,1.34,2.07,845.0,130.979,11.289000000000001,6136.0,1.09,1.61,4.07,
Kepler-130,27.50868,8.75,2.9,1.97,683.0,46.011,11.825,5884.0,1.02,1.13,5.89,
Kepler-138,13.7813,1.97,1.197,6.2,398.0,4.63,12.472000000000001,3841.0,0.52,0.44,4.68,
Kepler-138,23.0881,0.64,1.212,2.1,335.0,2.32,12.472000000000001,3841.0,0.52,0.44,4.68,
Kepler-144,5.885273,2.33,1.33,5.44,1287.0,426.719,11.944,6075.0,1.13,1.24,3.02,
Kepler-144,10.104665,2.39,1.35,5.34,1075.0,207.247,11.944,6075.0,1.13,1.24,3.02,
Kepler-155,5.931194,5.02,2.09,3.02,614.0,19.0,14.24,4508.0,0.72,0.62,2.9,
Kepler-155,52.661793,5.65,2.24,2.76,286.0,1.28,14.24,4508.0,0.72,0.62,2.9,
Kepler-159,10.139623,6.26,2.38,2.55,448.0,33.463,14.888,4625.0,0.76,0.66,2.51,
Kepler-159,43.595792,11.5,3.41,1.59,275.0,4.791,14.888,4625.0,0.76,0.66,2.51,
Kepler-167,4.3931632,3.24,1.615,4.23,914.0,115.8,14.0,4890.0,0.77,0.73,3.3,
Kepler-167,7.406114,3.01,1.548,4.46,768.0,57.7,14.0,4890.0,0.77,0.73,3.3,
HAT-P-36,1.32734683,587.41341,14.314,1.175,1781.0,1821.0,12.262,5620.0,1.03,1.04,6.6,
HD 7924,5.39792,6.3566,2.4,2.53,826.0,113.7,7.185,5131.0,0.65,0.78,0.88,
HD 7924,15.299,7.86,2.72,2.15,584.0,28.35,7.185,5131.0,0.65,0.78,0.88,
HD 7924,24.451,6.44,2.42,2.5,499.0,15.17,7.185,5131.0,0.65,0.78,0.88,
Kepler-20,3.69611525,9.7,1.868,8.2,1105.0,324.114,12.51,5495.0,0.95,0.96,7.6,
Kepler-20,10.85409089,12.75,3.0469999999999997,2.5,772.0,77.023,12.51,5495.0,0.95,0.96,7.6,
Kepler-20,77.61130017,10.07,2.7439999999999998,2.7,401.0,5.591,12.51,5495.0,0.95,0.96,7.6,
Kepler-21,2.78578,5.08,1.639,6.4,2025.0,3021.187,8.25,6305.0,1.41,1.9,3.03,
Kepler-22,289.8623,36.0,2.38,14.7,262.0,0.956,11.644,5518.0,0.97,0.98,7.08,0.71
Kepler-26,12.28,5.12,2.78,1.26,427.0,7.6,15.409,3914.0,0.54,0.51,2.95,
Kepler-26,17.2559,6.2,2.72,1.61,381.0,4.82,15.409,3914.0,0.54,0.51,2.95,
Kepler-26,3.543919,1.24,1.07,5.56,646.0,31.79,15.409,3914.0,0.54,0.51,2.95,
Kepler-32,22.7802,7.75,2.7,2.16,340.0,3.631,16.452,3900.0,0.58,0.53,2.69,
Kepler-32,2.896,2.86,1.5,4.66,680.0,56.649,16.452,3900.0,0.58,0.53,2.69,
Kepler-32,0.74296,0.477,0.82,4.75,1100.0,349.645,16.452,3900.0,0.58,0.53,2.69,
K2-3,10.054626,6.48,1.98,3.7,504.0,5.8,12.17,3896.0,0.6,0.56,1.0,
K2-3,24.646582,2.14,1.56,2.98,374.0,1.77,12.17,3896.0,0.6,0.56,1.0,
K2-3,44.55646,2.8,1.53,5.62,282.0,0.8,12.17,3896.0,0.6,0.56,1.0,0.78
TrES-2,2.47063,473.5667,15.244000000000002,0.884,1466.0,903.864,11.411,5850.0,1.36,1.12,3.55,
HAT-P-7,2.20474,584.8072,16.926,0.712,2733.0,4353.408,10.365,6389.0,1.56,2.0,2.07,
HAT-P-11,4.88780244,26.69772,4.36,1.68,838.0,100.77,9.151,4780.0,0.81,0.68,6.5,
Kepler-4,3.21346,24.472,4.002,1.91,1650.0,1245.431,12.7,5857.0,1.22,1.49,4.5,
Kepler-5,3.5484657,670.93913,15.984000000000002,0.4,1750.0,1822.758,13.225999999999999,6297.0,1.37,1.79,2.88,
Kepler-6,3.2346996,212.31044,14.617,0.4,1460.0,792.218,13.171,5647.0,1.21,1.39,3.8,
Kepler-7,4.8854892,140.16303,18.180999999999997,0.14,1630.0,1375.11,12.865,5933.0,1.36,1.97,2.9,
Kepler-8,3.5224991,187.5197,15.872,0.27,1680.0,1444.881,13.9,6213.0,1.21,1.49,3.47,
Kepler-9,1.592851,3.33,1.64,4.15,2026.0,1339.658,13.780999999999999,5774.0,1.02,0.96,2.0,
Kepler-10,0.837491,4.60853,1.4809999999999999,8.0,2130.0,3741.78,10.94,5708.0,0.91,1.06,10.6,
Kepler-10,45.2946,7.37,2.323,3.14,584.0,18.3,10.94,5708.0,0.91,1.06,10.6,
Kepler-12,4.4379629,137.30256,19.660999999999998,0.11,1480.0,877.539,13.8,5947.0,1.17,1.48,4.0,
KOI-13,1.763588,2949.4624,16.948,3.6,2550.0,25339.901,9.958,7650.0,1.72,1.74,1.12,
Kepler-15,4.942782,209.76,10.76,0.93,1251.0,430.677,13.714,5515.0,1.02,0.99,3.7,
Kepler-17,1.4857108,778.65,14.68,1.35,1570.0,1481.766,14.130999999999998,5781.0,1.16,1.05,1.78,
Kepler-36,13.86825,3.83,1.4980000000000002,6.26,978.0,247.0,12.077,5979.0,1.03,1.63,4.79,
Kepler-36,16.21865,7.13,3.679,0.787,928.0,191.0,12.077,5979.0,1.03,1.63,4.79,
Kepler-39,21.08721,6388.1,13.9,13.0,897.0,90.22,14.46,6350.0,1.29,1.4,2.1,
Kepler-40,6.87349,699.2,13.11,1.68,1620.0,1187.965,14.559000000000001,6510.0,1.48,2.13,2.8,
Kepler-41,1.8555582,177.98,14.46,0.33,1790.0,2036.749,14.413,5750.0,1.15,1.29,4.4,
Kepler-42,1.2137672,0.399,0.78,4.62,519.0,22.388,16.124000000000002,3068.0,0.13,0.17,4.5,
Kepler-42,0.45328509,0.315,0.73,4.45,720.0,82.125,16.124000000000002,3068.0,0.13,0.17,4.5,
Kepler-42,1.865169,0.13,0.57,3.86,450.0,12.538,16.124000000000002,3068.0,0.13,0.17,4.5,
Kepler-43,3.0240949,1026.5909,13.664000000000001,5.0,1620.0,1138.115,13.889000000000001,6041.0,1.32,1.42,2.3,
HD 164922,1207.0,116.0,13.3,0.271,159.0,0.1578,6.99,5390.0,0.93,0.95,9.58,
HD 189733,2.21857567,359.1479,12.665999999999999,0.943,1209.0,356.0,7.67,5052.0,0.79,0.75,1.4,
Kepler-74,7.340711,200.22,10.76,0.88,1078.0,337.682,14.23,6000.0,1.18,1.12,0.8,
Kepler-80,4.64489,4.13,1.6,3.75,628.0,94.781,14.755999999999998,4540.0,0.73,0.68,2.0,
Kepler-81,5.955,17.2,2.42,6.67,541.0,39.95,15.004000000000001,4500.0,0.69,0.59,3.63,
Kepler-81,12.04,4.3,2.37,1.77,428.0,15.62,15.004000000000001,4500.0,0.69,0.59,3.63,
Kepler-83,9.77,42.1,2.83,10.2,460.0,15.412,15.783,4648.0,0.58,0.59,3.09,
Kepler-83,20.09,11.4,2.36,4.77,362.0,5.9,15.783,4648.0,0.58,0.59,3.09,
Kepler-83,5.169796,24.6,1.94,18.5,569.0,28.81,15.783,4648.0,0.58,0.59,3.09,
Kepler-87,114.73635,324.2,13.49,0.729,478.0,9.203,14.587,5600.0,1.1,1.82,7.5,
Kepler-87,191.2318,6.4,6.14,0.152,403.0,4.656,14.587,5600.0,1.1,1.82,7.5,
KOI-94,3.743208,10.5,1.71,10.1,1486.0,1053.181,12.187999999999999,6182.0,1.28,1.52,3.16,
KOI-94,10.423648,15.6,4.32,0.91,1012.0,268.219,12.187999999999999,6182.0,1.28,1.52,3.16,
KOI-94,22.342989,106.0,11.27,0.363,806.0,97.12,12.187999999999999,6182.0,1.28,1.52,3.16,
KOI-94,54.32031,35.0,6.56,0.6,584.0,29.7,12.187999999999999,6182.0,1.28,1.52,3.16,
Kepler-91,6.24658,257.4423,15.323,0.4,2040.0,3273.324,12.475999999999999,4550.0,1.31,6.3,4.47,
Kepler-93,4.72674,4.5442599999999995,1.569,1.652,1037.0,283.739,9.862,5669.0,1.09,0.98,6.6,
Kepler-94,2.50806,10.84,3.51,1.45,827.0,216.094,12.857000000000001,4781.0,0.81,0.76,1.41,
Kepler-101,3.4876812,51.1,5.77,1.45,1513.0,1240.332,13.8,5667.0,1.17,1.56,5.9,
Kepler-101,6.02976,3.78,1.25,10.5,1413.0,596.069,13.8,5667.0,1.17,1.56,5.9,
Kepler-105,5.4122,5.1,4.81,0.252,1418.0,341.809,12.802,5827.0,0.96,0.89,3.47,
Kepler-105,7.1262,4.6,1.31,11.2,997.0,161.0,12.802,5827.0,0.96,0.89,3.47,
Kepler-107,3.1800218,3.51,1.536,5.3,1593.0,1175.382,12.7,5854.0,1.24,1.45,4.29,
Kepler-107,4.901452,9.39,1.597,12.65,1379.0,659.649,12.7,5854.0,1.24,1.45,4.29,
Kepler-107,7.95839,3.8,0.86,33.1,1173.0,346.107,12.7,5854.0,1.24,1.45,4.29,
Kepler-107,14.749143,8.6,2.903,2.0,955.0,151.942,12.7,5854.0,1.24,1.45,4.29,
Kepler-75,8.8849116,3209.9,11.77,11.0,767.0,106.484,15.179,5200.0,0.91,0.89,6.2,
Kepler-76,1.5449298,638.8383,15.244000000000002,1.1,2140.0,3583.673,13.276,6409.0,1.2,1.32,2.63,
Kepler-77,3.57878087,136.661,10.761,0.603,1440.0,432.871,13.917,5520.0,0.95,0.99,7.5,
Kepler-80,7.05246,6.93,2.67,1.38,546.0,54.382,14.755999999999998,4540.0,0.73,0.68,2.0,
Kepler-80,9.52355,6.74,2.74,1.22,494.0,36.482,14.755999999999998,4540.0,0.73,0.68,2.0,
Kepler-80,3.07222,6.75,1.53,7.04,720.0,164.625,14.755999999999998,4540.0,0.73,0.68,2.0,
Kepler-114,5.188549,6.8,1.26,18.7,588.0,92.535,13.712,4605.0,0.77,0.67,2.69,
Kepler-114,8.041,2.8,1.6,3.76,508.0,51.623,13.712,4605.0,0.77,0.67,2.69,
Kepler-114,11.776,3.9,2.53,1.32,447.0,31.016,13.712,4605.0,0.77,0.67,2.69,
Kepler-44,3.2467293,317.82,12.22,0.93,1544.0,1109.223,14.69,5800.0,1.12,1.35,5.8,
Kepler-45,2.455239,160.497,10.76,0.8,1000.0,68.37,16.88,3820.0,0.59,0.55,0.5,
Kepler-46,33.60134,1907.0,9.057,14.0,543.0,10.9,15.255,5309.0,0.92,0.79,9.7,
Kepler-49,7.2037945,311.46,2.72,3.4,495.0,21.481,15.229000000000001,4252.0,0.63,0.56,2.88,
Kepler-49,10.9129343,228.83,2.55,1.3,431.0,12.341,15.229000000000001,4252.0,0.63,0.56,2.88,
Kepler-49,2.576549,3.19,1.6,4.28,697.0,64.39,15.229000000000001,4252.0,0.63,0.56,2.88,
Kepler-51,45.154,2.1,7.1,0.03,543.0,10.119,14.677999999999999,6018.0,1.04,0.94,0.3,
Kepler-51,85.312,4.0,9.0,0.03,439.0,4.331,14.677999999999999,6018.0,1.04,0.94,0.3,
Kepler-51,130.194,7.6,9.7,0.046,381.0,2.466,14.677999999999999,6018.0,1.04,0.94,0.3,
Kepler-61,59.87756,5.27,2.15,2.91,273.0,1.69,15.043,4017.0,0.64,0.62,1.0,0.72
Kepler-68,5.3988,7.65,2.354,2.6,1280.0,439.917,9.99,5793.0,1.08,1.24,6.3,
Kepler-69,13.722341,5.65,2.24,2.76,779.0,123.517,14.0,5638.0,0.81,0.93,9.8,
Kepler-69,242.4613,3.57,1.71,3.92,299.0,2.687,14.0,5638.0,0.81,0.93,9.8,
K2-29,3.2588321,232.0159,13.339,0.53,1171.0,293.0,12.526,5358.0,0.94,0.86,2.6,
KELT-10,4.1662739,215.80657000000002,15.681,0.308,1377.0,600.0,10.854000000000001,5948.0,1.11,1.21,4.5,
Kepler-167,21.803855,1.83,1.194,5.91,536.0,13.68,14.0,4890.0,0.77,0.73,3.3,
Kepler-167,1071.23228,73.4,10.15,0.386,131.0,0.0739,14.0,4890.0,0.77,0.73,3.3,
K2-26,14.5665,7.61,2.67,2.2,430.0,5.8,14.53,3785.0,0.56,0.52,1.0,
Kepler-1410,60.866168,3.82,1.78,3.72,290.0,1.06,15.948,4092.0,0.63,0.6,4.07,0.78
Kepler-1229,86.828989,2.54,1.4,5.09,212.0,0.524,15.51,3784.0,0.54,0.51,3.72,0.73
Kepler-225,6.738975,1.87,1.2,5.95,465.0,38.883,15.95,3682.0,0.66,0.48,2.88,
Kepler-225,18.794234,4.04,1.84,3.56,330.0,9.903,15.95,3682.0,0.66,0.48,2.88,
Kepler-231,19.271566,24.1,1.93,18.4,345.0,6.267,15.39,3767.0,0.59,0.49,3.47,
Kepler-235,3.340222,5.6,2.23,2.77,731.0,44.0,15.969000000000001,4255.0,0.51,0.55,6.0,
Kepler-235,7.824904,2.18,1.28,5.71,555.0,14.2,15.969000000000001,4255.0,0.51,0.55,6.0,
Kepler-235,20.060548,4.86,2.05,3.1,401.0,4.03,15.969000000000001,4255.0,0.51,0.55,6.0,
Kepler-235,46.183669,5.56,2.22,2.79,306.0,1.33,15.969000000000001,4255.0,0.51,0.55,6.0,
Kepler-236,23.968127,4.66,2.0,3.2,325.0,3.802,15.374,3750.0,0.58,0.51,3.16,
K2-9,18.4498,5.69,2.25,2.74,314.0,1.36,15.63,3390.0,0.3,0.31,1.0,0.7
K2-19,7.9194,28.5,7.74,0.334,854.0,125.9,13.0,5430.0,0.93,0.86,8.0,
K2-19,11.90715,15.9,4.86,0.94,745.0,73.1,13.0,5430.0,0.93,0.86,8.0,
Kepler-560,18.47764449,3.61,1.72,3.9,298.0,2.46,14.751,3556.0,0.34,0.33,4.07,
Kepler-538,81.73778,10.6,2.215,5.4,380.0,2.99,11.165,5547.0,0.89,0.87,5.3,
Kepler-539,125.63243,308.2951,8.373,2.9,388.0,3.681,12.379000000000001,5820.0,1.05,0.95,2.0,
HATS-17,16.254611,425.25654000000003,8.709,3.5,814.0,72.7,12.39,5846.0,1.13,1.09,2.1,
TRAPPIST-1,1.51087081,0.85,1.0859999999999999,3.6,400.0,4.25,18.8,2559.0,0.08,0.12,0.5,
TRAPPIST-1,2.4218233,1.38,1.056,6.45,342.0,2.27,18.8,2559.0,0.08,0.12,0.5,
TRAPPIST-1,4.04961,0.41,0.772,4.9,288.0,1.143,18.8,2559.0,0.08,0.12,0.5,0.9
Kepler-705,56.0560538,5.1,2.11,2.98,265.0,0.729,15.852,3722.0,0.53,0.51,3.89,0.74
K2-21,9.325038,4.04,1.84,2.7,500.0,10.0,12.85,4222.06,0.68,0.65,1.0,
K2-21,15.50192,6.76,2.49,5.4,420.0,5.1,12.85,4222.06,0.68,0.65,1.0,
K2-30,4.098503,184.02357,11.645999999999999,0.64,1092.0,299.0,13.53,5425.0,0.9,0.84,3.9,
K2-19,2.50856,14.0,1.14,51.4,1252.0,583.5,13.0,5430.0,0.93,0.86,8.0,
K2-32,8.991828,16.5,4.96,0.67,817.0,77.7,12.31,5415.0,0.86,0.84,7.9,
K2-32,31.7142,10.3,3.27,1.38,537.0,14.5,12.31,5415.0,0.86,0.84,7.9,
K2-32,20.66186,12.1,2.74,2.7,619.0,25.6,12.31,5415.0,0.86,0.84,7.9,
HD 219134,3.092926,4.74,1.6019999999999999,6.34,1015.0,176.2,5.57,4699.0,0.81,0.78,11.0,
HD 219134,6.76458,4.36,1.511,6.95,782.0,62.1,5.57,4699.0,0.81,0.78,11.0,
K2-27,6.771315,30.9,4.48,1.87,902.0,116.0,12.64,5248.0,0.87,0.89,10.3,
K2-24,20.88977,19.0,5.4,0.64,709.0,60.1,11.07,5625.0,1.07,1.16,5.1,
K2-24,42.3391,15.4,7.5,0.2,560.0,23.4,11.07,5625.0,1.07,1.16,5.1,
Kepler-283,11.008151,5.18,2.13,2.95,651.0,16.26,15.875,4351.0,0.63,0.57,3.09,
Kepler-296,10.864384,3.22,1.61,3.0,495.0,6.5,15.901,3740.0,0.5,0.48,4.2,
Kepler-296,5.8416366,4.66,2.0,1.2,606.0,14.8,15.901,3740.0,0.5,0.48,4.2,
Kepler-296,19.850291,5.02,2.09,1.9,403.0,2.9,15.901,3740.0,0.5,0.48,4.2,
Kepler-296,34.14211,2.96,1.53,4.1,337.0,1.41,15.901,3740.0,0.5,0.48,4.2,0.8
Kepler-296,63.33627,3.89,1.8,3.2,274.0,0.62,15.901,3740.0,0.5,0.48,4.2,0.75
Kepler-303,1.937055,0.64,0.89,4.99,790.0,145.436,14.395999999999999,3944.0,0.52,0.48,3.31,
Kepler-309,5.923653,3.05,1.56,4.41,529.0,99.493,15.126,4713.0,0.79,0.72,3.02,
Kepler-309,105.356383,6.85,2.51,2.38,202.0,2.142,15.126,4713.0,0.79,0.72,3.02,
Kepler-249,3.306539,1.32,1.09,5.6,562.0,24.26,15.23,3568.0,0.4,0.48,3.09,
Kepler-249,7.113702,2.89,1.51,4.61,435.0,12.529,15.23,3568.0,0.4,0.48,3.09,
Kepler-249,15.368459,3.09,1.57,4.39,336.0,4.474,15.23,3568.0,0.4,0.48,3.09,
Kepler-252,10.848463,5.27,2.15,2.91,501.0,20.507,15.029000000000002,4208.0,0.7,0.55,3.47,
Kepler-267,3.353728,37.9,1.98,26.8,617.0,45.843,15.469000000000001,4258.0,0.56,0.56,3.31,
Kepler-412,1.7208604,299.07802999999996,15.030999999999999,0.52,1850.0,2144.307,13.73,5750.0,1.17,1.29,5.37,
Kepler-421,704.1984,16.1,4.16,1.23,185.0,0.234,13.347999999999999,5308.0,0.79,0.76,4.0,
Kepler-423,2.6843285,189.101,13.360999999999999,0.459,1605.0,649.148,14.28,5560.0,0.85,0.95,11.0,
Kepler-425,3.79701816,79.45,10.962,0.27,1070.0,229.036,14.97,5170.0,0.93,0.86,5.0,
Kepler-426,3.21751883,108.06,12.22,0.26,1300.0,410.723,15.073,5725.0,0.91,0.92,6.0,
Kepler-427,10.290994,92.17,13.79,0.16,1100.0,208.721,14.42,5800.0,0.96,1.35,7.0,
Kepler-428,3.52563254,403.63,12.11,1.02,1070.0,195.088,15.405,5150.0,0.87,0.8,5.0,
Kepler-430,35.968,10.6,3.25,1.7,667.0,40.844,13.814,5884.0,1.17,1.49,5.13,
Kepler-430,110.979,3.71,1.75,3.8,458.0,9.096,13.814,5884.0,1.17,1.49,5.13,
Kepler-431,6.803,0.37,0.764,4.56,1032.0,577.545,11.929,6004.0,1.07,1.09,4.27,
Kepler-431,8.703,0.229,0.6679999999999999,4.22,951.0,415.545,11.929,6004.0,1.07,1.09,4.27,
Kepler-431,11.922,1.41,1.11,5.67,856.0,272.838,11.929,6004.0,1.07,1.09,4.27,
Kepler-433,5.33408384,896.24,16.25,1.13,1776.0,1682.66,14.415999999999999,6360.0,1.46,2.26,2.67,
Kepler-434,12.8747099,908.96,12.67,2.4,1000.0,158.285,14.5,5977.0,1.2,1.38,4.0,
Kepler-435,8.6001536,266.97,22.31,0.131,1729.0,677.917,13.604000000000001,6161.0,1.54,3.21,2.25,
Kepler-395,7.054346,1.08,1.03,5.43,576.0,17.8,15.958,4262.0,0.58,0.56,1.6,
Kepler-395,34.989262,2.3,1.32,5.5,341.0,2.11,15.958,4262.0,0.58,0.56,1.6,
WASP-75,2.484193,340.06,14.235,0.69,1710.0,1657.0,11.45,6100.0,1.14,1.26,3.5,
Kepler-452,384.843,3.29,1.63,4.17,265.0,1.1,13.405,5757.0,1.04,1.11,6.0,0.83
HAT-P-56,2.79083,734.1873,16.926,0.75,1840.0,3515.0,10.908,6566.0,1.42,1.47,2.01,
Kepler-1455,49.276764,5.31,2.16,2.9,298.0,1.533,15.866,4075.0,0.62,0.6,4.17,
WASP-2,2.152175,295.89973,12.117,0.914,1311.0,492.0,11.88,5180.0,0.9,0.87,8.2,
WASP-44,2.423804,276.5121,12.33,0.811,1337.0,533.0,12.9,5420.0,0.94,0.91,10.3,
WASP-45,3.126089,306.38812,10.604000000000001,1.418,1153.0,294.0,12.0,5150.0,0.85,0.85,12.7,
WASP-47,4.1591289,363.1,12.63,0.993,1275.0,534.0,11.9,5552.0,1.04,1.14,6.5,
Kepler-1638,259.33683,4.16,1.87,3.5,304.0,2.76,14.748,5710.0,0.97,0.95,4.37,0.76
K2-39,4.60543,28.6047,6.277,0.5,1670.0,1356.0,10.83,4881.0,0.66,2.97,3.09,
K2-36,1.422614,3.9,1.43,7.2,1224.0,529.0,11.8,4916.0,0.79,0.72,1.4,
K2-36,5.340888,7.8,3.2,1.3,788.0,90.0,11.8,4916.0,0.79,0.72,1.4,
K2-100,1.673833,12.6,3.59,1.5,1748.0,990.0,10.651,6168.0,1.23,1.22,0.79,
K2-60,3.00265,135.39558,7.656000000000001,1.7,1400.0,1212.0,12.789000000000001,5500.0,0.97,1.12,10.0,
Kepler-1512,20.35972599,1.76,1.18,5.89,322.0,1.6,13.263,4372.0,0.73,0.67,1.78,
Kepler-1514,217.83184,1678.1424,12.42,4.82,388.0,3.23,11.829,6145.0,1.2,1.29,2.9,
Kepler-1544,168.811174,3.82,1.78,3.72,269.0,0.833,14.039000000000001,4886.0,0.81,0.74,2.34,0.8
Kepler-1593,174.509835,10.2,3.17,1.76,260.0,0.889,15.884,4995.0,0.81,0.77,3.63,
Kepler-1606,196.435224,4.94,2.07,3.06,324.0,1.29,15.106,5422.0,0.9,0.86,4.27,0.73
WASP-151,4.533471,98.5273,12.665999999999999,0.29,1290.0,460.0,12.795,5871.0,1.08,1.14,5.1,
WASP-153,3.332609,123.9537,17.374000000000002,0.15,1700.0,1400.0,12.8,5914.0,1.34,1.73,4.0,
WASP-156,3.836169,40.68224,5.7170000000000005,1.3,970.0,150.0,11.6,4910.0,0.84,0.76,6.4,
K2-108,4.733999,59.4,5.33,2.22,1360.0,762.0,12.33,5599.0,1.17,1.76,7.8,
TRAPPIST-1,6.099615,0.62,0.9179999999999999,4.4,251.0,0.662,18.8,2559.0,0.08,0.12,0.5,0.85
TRAPPIST-1,9.20669,0.68,1.045,3.3,219.0,0.382,18.8,2559.0,0.08,0.12,0.5,0.68
TRAPPIST-1,12.35294,1.34,1.127,5.2,199.0,0.258,18.8,2559.0,0.08,0.12,0.5,0.58
TRAPPIST-1,18.767,0.331,0.752,3.96,173.0,0.165,18.8,2559.0,0.08,0.12,0.5,
LHS 1140,24.736959,6.98,1.7269999999999999,7.5,235.0,0.503,14.18,3216.0,0.18,0.21,5.0,0.7
KELT-12,5.031623,301.9385,19.952,0.209,1800.0,1749.0,10.59,6279.0,1.59,2.37,2.2,
KELT-20,3.4741085,1074.90106,19.515,0.806,2262.0,4362.5,7.58,8720.0,1.76,1.56,0.6,
K2-136,17.307137,8.8,2.91,1.96,425.0,11.9,10.855,4499.0,0.74,0.66,0.688,
Kepler-1652,38.09722,3.19,1.6,4.28,268.0,0.81,16.002,3638.0,0.4,0.38,3.2,0.83
Kepler-1653,140.2524,5.35,2.17,2.88,284.0,0.98,15.429,4807.0,0.72,0.69,7.7,0.74
Ross 128,9.8658,1.4,1.11,5.63,301.0,1.38,11.15,3192.0,0.17,0.2,5.0,0.86
rho CrB,39.8458,332.1,13.8,0.694,614.0,34.7,5.41,5627.0,0.89,1.36,11.04,
HD 42618,149.61,14.4,3.89,1.34,337.0,3.16,6.8389999999999995,5727.0,1.01,1.0,3.72,
HD 164922,75.74,13.0,3.66,1.46,401.0,6.29,6.99,5390.0,0.93,0.95,9.58,
rho CrB,102.54,25.0,5.38,0.882,448.0,9.85,5.41,5627.0,0.89,1.36,11.04,
HATS-18,0.83784,629.14449,14.897,1.1169,2069.0,2990.0,14.067,5600.0,1.04,1.02,4.2,
Qatar-3,2.5079204,1369.8473,12.285,4.0,1681.0,1330.0,12.88,6007.0,1.15,1.27,0.31,
Qatar-4,1.8053564,1938.763,12.722000000000001,5.1,1385.0,614.0,13.6,5215.0,0.9,0.85,0.17,
Qatar-5,2.8792319,1373.0256,12.408,3.95,1415.0,669.0,12.82,5747.0,1.13,1.08,0.53,
KELT-18,2.8717518,375.0394,17.598,0.377,2085.0,3152.0,10.117,6670.0,1.52,1.91,1.9,
KELT-9,1.4811235,915.3504,21.195999999999998,0.53,4050.0,44900.0,7.55,10170.0,2.52,2.36,0.3,
GJ 9827,1.2089819,4.91,1.577,6.93,1044.0,315.0,10.25,4340.0,0.61,0.6,10.0,
GJ 9827,3.6480957,0.84,1.2409999999999999,2.42,722.0,72.0,10.25,4340.0,0.61,0.6,10.0,
GJ 9827,6.2014698,4.04,2.022,2.69,605.0,35.6,10.25,4340.0,0.61,0.6,10.0,
HATS-36,4.175186,1022.14128,12.92,2.12,1203.0,561.0,14.386,5950.0,1.1,1.1,0.62,
K2-146,2.6446,5.77,2.05,3.69,534.0,20.7,16.248,3385.0,0.33,0.33,5.0,
KELT-21,3.6127647,1242.7153,17.777,1.24,2051.0,2950.0,10.540999999999999,7598.0,1.46,1.64,1.6,
HD 39091,6.2679,4.82,2.042,2.97,1170.0,309.0,5.67,6037.0,1.09,1.1,2.98,
Kepler-1654,1047.8356,158.915,9.18,1.2,206.0,0.3,13.405999999999999,5597.0,1.01,1.18,5.0,
K2-233,7.06142,2.34,1.335,5.4,728.0,67.1,10.725999999999999,4950.0,0.8,0.74,0.36,
K2-233,24.3662,7.46,2.64,2.23,482.0,12.9,10.725999999999999,4950.0,0.8,0.74,0.36,
K2-233,2.46746,2.54,1.3980000000000001,5.11,1040.0,273.0,10.725999999999999,4950.0,0.8,0.74,0.36,
Wolf 503,6.00118,4.78,2.03,3.14,805.0,69.6,10.26,4716.0,0.69,0.69,11.0,
WASP-173 A,1.38665318,1172.7927,13.450999999999999,2.84,1880.0,1920.0,11.102,5800.0,1.05,1.11,6.78,
HD 1397,11.53533,131.89945,11.5,0.477,1228.0,356.0,7.781000000000001,5521.0,1.32,2.34,4.51,
HD 202772 A,3.308958,323.23311,17.317999999999998,0.343,2132.0,3440.0,8.227,6272.0,1.72,2.59,1.7,
K2-140,6.56918,323.86877000000004,12.25,0.963,957.0,188.5,12.624,5705.0,1.0,0.99,4.22,
EPIC 220674823,0.571331,7.72,1.82,8.5,2119.0,4293.0,12.102,5617.0,0.97,0.98,5.0,
EPIC 220674823,13.339079,5.8,2.73,2.0,741.0,64.0,12.102,5617.0,0.97,0.98,5.0,
HD 106315,9.55237,12.6,2.44,4.7,1153.0,240.0,8.951,6327.0,1.09,1.3,4.48,
HD 106315,21.05704,15.2,4.35,1.01,886.0,83.0,8.951,6327.0,1.09,1.3,4.48,
K2-284,4.795069,8.15,2.78,2.08,653.0,42.6,13.322000000000001,4140.0,0.63,0.61,0.12,
EPIC 246851721,6.180235,953.49,11.780999999999999,3.1,1401.0,642.0,11.439,6202.0,1.32,1.59,3.02,
WASP-166,5.44354,32.10083,7.062,0.54,1270.0,440.0,9.257,6050.0,1.19,1.22,2.1,
LHS 1140,3.777931,1.81,1.2819999999999998,4.7,438.0,6.16,14.18,3216.0,0.18,0.21,5.0,
TOI-421,5.19672,7.17,2.68,2.05,981.0,154.57,9.777999999999999,5325.0,0.85,0.87,9.4,
TOI-421,16.06819,16.42,5.09,0.685,674.0,34.32,9.777999999999999,5325.0,0.85,0.87,9.4,
NGTS-12,7.532806,66.10864000000001,11.747,0.223,1257.0,416.0,12.382,5690.0,1.02,1.59,9.4,
WD 1856+534,1.4079405,4386.054,10.4,21.4,163.0,0.181,16.958,4710.0,0.52,0.01,7.93,
TOI-824,1.392978,18.467,2.926,4.03,1253.0,412.0,11.152999999999999,4600.0,0.71,0.69,7.5,
TOI-122,5.07803,7.85,2.72,2.14,471.0,8.8,14.335999999999999,3403.0,0.31,0.33,2.0,
TOI-237,5.436098,2.67,1.44,4.91,388.0,3.7,14.754000000000001,3212.0,0.18,0.21,4.5,
TOI-954,3.6849729,55.30242,9.55,0.35,1526.0,1393.0,10.343,5710.0,1.2,1.89,6.14,
EPIC 246193072,12.4551225,82.6358,8.676,0.694,650.0,45.7,12.697000000000001,5282.0,0.9,0.82,1.8,
TOI-540,1.2391491,0.674,0.903,5.03,611.0,23.4,14.492,3216.0,0.16,0.19,1.1,
HAT-P-68,2.29840551,230.10892,12.015999999999998,0.727,1028.0,184.8,13.937000000000001,4508.0,0.68,0.67,11.1,
Kepler-1514,10.514181,1.74,1.176,5.88,1066.0,193.0,11.829,6145.0,1.2,1.29,2.9,
TOI-776,8.24661,4.0,1.85,3.4,514.0,11.5,11.54,3709.0,0.54,0.54,7.8,
TOI-776,15.6653,5.3,2.02,3.5,415.0,4.9,11.54,3709.0,0.54,0.54,7.8,
TOI-813,83.8911,36.4,6.71,0.662,610.0,23.1,10.322000000000001,5907.0,1.32,1.94,3.73,
EPIC 249893012,3.5951,8.75,1.95,6.39,1616.0,1037.0,11.427999999999999,5430.0,1.05,1.71,9.0,
EPIC 249893012,15.624,14.67,3.67,1.62,990.0,160.0,11.427999999999999,5430.0,1.05,1.71,9.0,
EPIC 249893012,35.747,10.18,3.94,0.91,752.0,53.0,11.427999999999999,5430.0,1.05,1.71,9.0,
TOI-172,9.47725,1722.6386,10.817,7.53,1198.0,299.0,11.193,5645.0,1.13,1.78,7.4,
NGTS-8,2.4997,295.5819,12.218,0.89,1345.0,503.0,13.68,5241.0,0.89,0.98,12.48,
NGTS-9,4.43527,921.707,11.994000000000002,2.93,1448.0,729.0,12.8,6330.0,1.34,1.38,0.96,
GJ 887,9.262,4.2,1.88,3.47,468.0,7.95,7.335,3688.0,0.49,0.47,2.88,
GJ 887,21.789,7.6,2.67,2.19,352.0,2.56,7.335,3688.0,0.49,0.47,2.88,
HATS-60,3.560829,210.40346,12.924000000000001,0.537,1528.0,903.9,12.640999999999998,5688.0,1.1,1.46,7.55,
HATS-61,7.817953,1080.622,13.395,2.47,1226.0,374.2,13.232999999999999,5542.0,1.08,1.66,8.9,
HATS-62,3.2768837,56.891569999999994,11.825,0.076,1237.0,387.4,14.015,5416.0,0.9,0.93,9.55,
HATS-63,3.0566527,305.1168,13.529000000000002,0.67,1398.0,634.1,13.892000000000001,5627.0,0.93,1.07,10.3,
HATS-64,4.908897,305.1168,18.82,0.245,1793.0,1711.0,12.924000000000001,6554.0,1.56,2.11,1.861,
HATS-65,3.105161,260.93843,16.825,0.3,1634.0,1178.0,12.497,6277.0,1.26,1.31,1.78,
HATS-66,3.1414391,1694.0339,15.815999999999999,2.34,1998.0,2637.0,14.095,6626.0,1.41,1.84,2.17,
HATS-67,1.6091788,460.8535,18.887,0.374,2193.0,3821.0,13.652999999999999,6594.0,1.44,1.44,0.51,
HATS-68,3.5862202,410.0007,13.809000000000001,0.856,1741.0,1521.0,12.276,6147.0,1.35,1.75,3.02,
HATS-69,2.2252577,183.38791,10.593,0.46,1296.0,466.6,13.945,5137.0,0.89,0.88,8.0,
TOI-125,4.65382,9.5,2.7260000000000004,2.57,1037.0,185.0,10.892000000000001,5320.0,0.86,0.85,6.8,
TOI-125,9.15059,6.63,2.759,1.73,828.0,77.59,10.892000000000001,5320.0,0.86,0.85,6.8,
K2-292,16.9841,24.5,2.63,7.4,795.0,67.0,9.917,5725.0,1.0,1.09,6.8,
HD 136352,11.57779,4.62,1.482,7.8,911.0,114.0,5.65,5850.0,0.91,1.01,8.2,
HD 136352,27.5909,11.29,2.608,3.5,682.0,36.0,5.65,5850.0,0.91,1.01,8.2,
HD 136352,107.63,10.5,3.23,1.71,433.0,5.8,5.65,5850.0,0.91,1.01,8.2,
G 9-40,5.746007,4.76,2.025,3.15,456.0,7.2,13.823,3348.0,0.29,0.31,9.9,
XO-7,2.8641424,225.34147000000002,15.39,0.34,1743.0,1540.0,10.52,6250.0,1.41,1.48,1.18,
HATS-70,1.8882378,4100.007,15.513,6.64,2730.0,9110.0,12.574000000000002,7930.0,1.78,1.88,0.81,
HATS-47,3.9228038,117.27927,12.52,0.331,853.0,87.73,14.829,4512.0,0.67,0.66,8.1,
HATS-48 A,3.1316666,77.23269,8.967,0.589,955.0,137.6,14.35,4546.0,0.73,0.72,11.97,
HATS-49,4.1480467,112.19398999999999,8.575,0.986,835.0,80.45,14.998,4405.0,0.71,0.7,10.5,
HATS-72,7.3279474,39.85588,8.097000000000001,0.411,739.0,49.58,12.469000000000001,4656.1,0.73,0.72,12.17,
KELT-24,5.5514926,1646.3594,14.258,3.13,1459.0,750.9,8.332,6509.0,1.46,1.51,0.78,
V1298 Tau,8.24958,26.7,5.59,0.84,968.0,146.0,10.116,4962.28,1.1,1.34,0.023,
V1298 Tau,12.4032,33.6,6.41,0.701,845.0,85.0,10.116,4962.28,1.1,1.34,0.023,
V1298 Tau,60.0,57.0,8.74,0.469,492.0,10.0,10.116,4962.28,1.1,1.34,0.023,
LP 791-18,0.948005,1.46,1.12,5.71,650.0,21.5,16.9,2960.0,0.14,0.17,0.5,
LP 791-18,4.989963,5.95,2.31,2.65,370.0,2.35,16.9,2960.0,0.14,0.17,0.5,
WASP-178,3.3448285,527.5978,20.288,0.37,2470.0,5550.0,9.912,9360.0,2.07,1.67,0.43,
HD 95338,55.087,42.44,3.89,3.98,385.0,7.42,8.611,5212.0,0.83,0.87,5.08,
TOI-700,9.97702,1.11,1.037,5.47,417.0,5.0,13.072000000000001,3461.0,0.41,0.42,1.5,
TOI-700,16.05111,7.51,2.65,2.22,356.0,2.66,13.072000000000001,3461.0,0.41,0.42,1.5,
TOI-700,37.42475,1.57,1.1440000000000001,5.76,269.0,0.852,13.072000000000001,3461.0,0.41,0.42,1.5,0.93
TOI-1899,29.02,209.7678,12.89,0.54,362.0,2.9,13.555,3841.0,0.63,0.61,7.4,
HIP 65 A,0.9809734,1021.1877900000001,22.754,0.48,1411.0,661.0,11.13,4590.0,0.78,0.72,4.1,
TOI-157,2.0845435,375.0394,14.415,0.686,1588.0,1062.0,12.73,5404.0,0.95,1.17,12.82,
TOI-169,2.2554477,251.40353,12.173,0.76,1715.0,1443.0,12.36,5880.0,1.15,1.29,4.7,
TOI-1728,3.49151,26.78,5.05,1.14,767.0,57.78,12.4,3980.0,0.65,0.62,7.1,
HD 332231,18.71204,77.55051999999999,9.718,0.464,876.0,98.09,8.56,6089.0,1.13,1.28,4.3,
L 98-59,2.2531,1.01,0.8,12.7,610.0,23.9,11.685,3412.0,0.31,0.31,1.0,
L 98-59,3.6904,2.42,1.35,5.4,517.0,12.4,11.685,3412.0,0.31,0.31,1.0,
L 98-59,7.4512,2.31,1.57,3.3,409.0,4.85,11.685,3412.0,0.31,0.31,1.0,
Kepler-1661,175.06,17.0,3.87,1.6,243.0,0.88,14.193,5100.0,0.84,0.76,2.0,
TOI-132,2.1097019,22.4,3.42,3.08,1395.0,860.0,11.321,5397.0,0.97,0.9,6.34,
KELT-23 A,2.255251,298.12453999999997,14.83,0.503,1561.0,991.183,10.253,5899.0,0.94,1.0,6.4,
K2-315,3.1443189,0.809,0.95,5.18,460.0,7.45,17.67,3300.0,0.17,0.2,1.0,
HATS-37 A,4.3315366,31.46517,6.792999999999999,0.55,1085.0,229.7,12.265999999999998,5326.0,0.84,0.88,11.46,
HATS-38,4.375021,23.51942,6.882000000000001,0.403,1294.0,464.7,12.411,5732.0,0.89,1.1,11.89,
HATS-59,5.416081,256.17098,12.620999999999999,0.7,1128.0,269.0,13.950999999999999,5670.0,1.04,1.04,4.3,
HATS-59,1422.0,4036.441,12.3,11.9,176.0,0.159,13.950999999999999,5670.0,1.04,1.04,4.3,
V1298 Tau,24.1396,74.9,10.27,0.38,677.0,35.0,10.116,4962.28,1.1,1.34,0.023,
TOI-125,19.98,13.6,2.93,2.98,638.0,26.7,10.892000000000001,5320.0,0.86,0.85,6.8,
